{
    "utterances": [
        {
            "text": "Find me a book about history",
            "entities": [
                {
                    "entity": "book_keywords:book_keywords",
                    "start": 21,
                    "end": 28,
                    "body": "history",
                    "entities": []
                }
            ],
            "traits": [],
            "intent": "book_get"
        },
        {
            "text": "Find me a book about music",
            "entities": [
                {
                    "entity": "book_keywords:book_keywords",
                    "start": 21,
                    "end": 26,
                    "body": "music",
                    "entities": []
                }
            ],
            "traits": [],
            "intent": "book_get"
        },
        {
            "text": "Find me a fantasy book",
            "entities": [
                {
                    "entity": "book_keywords:book_keywords",
                    "start": 9,
                    "end": 22,
                    "body": " fantasy book",
                    "entities": []
                }
            ],
            "traits": [],
            "intent": "book_get"
        },
        {
            "text": "Find me a romantic book",
            "entities": [
                {
                    "entity": "book_keywords:book_keywords",
                    "start": 10,
                    "end": 23,
                    "body": "romantic book",
                    "entities": []
                }
            ],
            "traits": [],
            "intent": "book_get"
        },
        {
            "text": "Find me a self-help book",
            "entities": [
                {
                    "entity": "book_keywords:book_keywords",
                    "start": 10,
                    "end": 19,
                    "body": "self-help",
                    "entities": []
                }
            ],
            "traits": [],
            "intent": "book_get"
        },
        {
            "text": "I want a romantic book",
            "entities": [
                {
                    "entity": "book_keywords:book_keywords",
                    "start": 9,
                    "end": 22,
                    "body": "romantic book",
                    "entities": []
                }
            ],
            "traits": [],
            "intent": "book_get"
        },
        {
            "text": "I want a self-help book",
            "entities": [
                {
                    "entity": "book_keywords:book_keywords",
                    "start": 9,
                    "end": 18,
                    "body": "self-help",
                    "entities": []
                }
            ],
            "traits": [],
            "intent": "book_get"
        },
        {
            "text": "I want to read a book about music",
            "entities": [
                {
                    "entity": "book_keywords:book_keywords",
                    "start": 28,
                    "end": 33,
                    "body": "music",
                    "entities": []
                }
            ],
            "traits": [],
            "intent": "book_get"
        },
        {
            "text": "I want to read a suspense book",
            "entities": [
                {
                    "entity": "book_keywords:book_keywords",
                    "start": 17,
                    "end": 30,
                    "body": "suspense book",
                    "entities": []
                }
            ],
            "traits": [],
            "intent": "book_get"
        },
        {
            "text": "find me a book about business management",
            "entities": [
                {
                    "entity": "book_keywords:book_keywords",
                    "start": 21,
                    "end": 40,
                    "body": "business management",
                    "entities": []
                }
            ],
            "traits": [],
            "intent": "book_get"
        },
        {
            "text": "find me a book about psychology",
            "entities": [
                {
                    "entity": "book_keywords:book_keywords",
                    "start": 21,
                    "end": 31,
                    "body": "psychology",
                    "entities": []
                }
            ],
            "traits": [],
            "intent": "book_get"
        },
        {
            "text": "find me a business book",
            "entities": [
                {
                    "entity": "book_keywords:book_keywords",
                    "start": 10,
                    "end": 23,
                    "body": "business book",
                    "entities": []
                }
            ],
            "traits": [],
            "intent": "book_get"
        },
        {
            "text": "find me a fantastic book",
            "entities": [
                {
                    "entity": "book_keywords:book_keywords",
                    "start": 10,
                    "end": 24,
                    "body": "fantastic book",
                    "entities": []
                }
            ],
            "traits": [],
            "intent": "book_get"
        },
        {
            "text": "find me a paranormal book",
            "entities": [
                {
                    "entity": "book_keywords:book_keywords",
                    "start": 10,
                    "end": 25,
                    "body": "paranormal book",
                    "entities": []
                }
            ],
            "traits": [],
            "intent": "book_get"
        },
        {
            "text": "find me a psychological book",
            "entities": [
                {
                    "entity": "book_keywords:book_keywords",
                    "start": 10,
                    "end": 28,
                    "body": "psychological book",
                    "entities": []
                }
            ],
            "traits": [],
            "intent": "book_get"
        },
        {
            "text": "find me a spiritual book",
            "entities": [
                {
                    "entity": "book_keywords:book_keywords",
                    "start": 10,
                    "end": 24,
                    "body": "spiritual book",
                    "entities": []
                }
            ],
            "traits": [],
            "intent": "book_get"
        }
    ]
}
