{
    "name": "book_keywords",
    "roles": [
        "book_keywords"
    ],
    "lookups": [
        "keywords"
    ],
    "keywords": [
        {
            "keyword": "biography",
            "synonyms": [
                "autobiography",
                "biography"
            ]
        },
        {
            "keyword": "children",
            "synonyms": [
                "children",
                "fairy tales",
                "kids",
                "tales"
            ]
        },
        {
            "keyword": "classic",
            "synonyms": [
                "classic",
                "classical"
            ]
        },
        {
            "keyword": "cooking",
            "synonyms": [
                "cookbook",
                "cooking",
                "recipes"
            ]
        },
        {
            "keyword": "entrepreneurship",
            "synonyms": [
                "business",
                "business book",
                "business management",
                "entrepreneurship",
                "start up"
            ]
        },
        {
            "keyword": "fantasy",
            "synonyms": [
                "fantastic book",
                "fantasy",
                "fantasy book",
                "horror",
                "paranormal",
                "paranormal book",
                "supernatural"
            ]
        },
        {
            "keyword": "history",
            "synonyms": [
                "historical",
                "history"
            ]
        },
        {
            "keyword": "hobby",
            "synonyms": [
                "art",
                "hobby",
                "painting"
            ]
        },
        {
            "keyword": "music",
            "synonyms": [
                "guitar",
                "music",
                "music book",
                "piano",
                "singers",
                "singing"
            ]
        },
        {
            "keyword": "psychology",
            "synonyms": [
                "philosophy",
                "psychological",
                "psychological book",
                "psychology",
                "self help",
                "self-help",
                "spiritual",
                "spiritual book"
            ]
        },
        {
            "keyword": "romance",
            "synonyms": [
                "love",
                "love story",
                "romance",
                "romantic",
                "romantic book"
            ]
        },
        {
            "keyword": "scifi",
            "synonyms": [
                "sci-fi",
                "science fiction",
                "scifi"
            ]
        },
        {
            "keyword": "suspense",
            "synonyms": [
                "crime",
                "mystery",
                "suspense",
                "suspense book",
                "thriller"
            ]
        },
        {
            "keyword": "suspense book",
            "synonyms": [
                "suspense book"
            ]
        },
        {
            "keyword": "teen",
            "synonyms": [
                "teen",
                "teenagers",
                "young adult",
                "youngster"
            ]
        }
    ]
}
